patient_id,sex,origin,age,province,city,confirmed_date,released_date,deceased_date,hospital,contacted_with,current_state
1,female,local,31,west java,depok,2-Mar-20,13-Mar-20,,RSPI Sulianti Saroso,my_24,released
2,female,local,64,west java,depok,2-Mar-20,16-Mar-20,,RSPI Sulianti Saroso,1,released
3,female,local,33,,,6-Mar-20,13-Mar-20,,RSPI Sulianti Saroso,my_24,released
4,,local,34,,,6-Mar-20,,,RSPI Sulianti Saroso,my_24,isolated
5,male,local,55,jakarta,jakarta,8-Mar-20,,,RS Persahabatan,1,isolated
6,male,local,36,,,8-Mar-20,11-Mar-20,,RS Persahabatan,,released
7,female,local,59,,,9-Mar-20,,,,,isolated
8,male,local,56,,,9-Mar-20,,,,7,isolated
9,female,local,55,,,9-Mar-20,,,,,isolated
10,male,foreigner,29,,,9-Mar-20,,,RSPI Sulianti Saroso,1,isolated
11,female,foreigner,54,,,9-Mar-20,,,RSPI Sulianti Saroso,1,isolated
12,male,local,31,,,9-Mar-20,,,,1,isolated
13,female,local,16,,,9-Mar-20,,,,3,isolated
14,male,local,50,,,9-Mar-20,11-Mar-20,,RS Persahabatan,,released
15,female,local,43,,,9-Mar-20,,,,,isolated
16,female,local,17,,,9-Mar-20,,,,15,isolated
17,male,local,56,,,9-Mar-20,,,,,isolated
18,male,local,55,,,9-Mar-20,,,RS Persahabatan,,isolated
19,male,local,40,,,9-Mar-20,12-Mar-20,,RS Persahabatan,,released
20,female,local,70,,,10-Mar-20,,,RS Persahabatan,,isolated
21,female,local,47,,,10-Mar-20,,,RSPI Sulianti Saroso,,isolated
22,female,local,36,,,10-Mar-20,,,,,isolated
23,female,local,73,,,10-Mar-20,,,,,isolated
24,male,local,46,,,10-Mar-20,,,RS Persahabatan,,isolated
25,female,foreigner,53,bali,denpasar,10-Mar-20,,11-Mar-20,RS Sanglah,,deceased
26,male,foreigner,46,,,10-Mar-20,,,,,isolated
27,male,local,33,,,10-Mar-20,,,,20,isolated
28,male,local,37,,,11-Mar-20,,,,,isolated
29,male,local,51,,,11-Mar-20,,,,,isolated
30,male,local,84,,,11-Mar-20,,,,,isolated
31,female,local,48,,,11-Mar-20,,,,,isolated
32,male,local,45,,,11-Mar-20,,,,,isolated
33,male,local,29,,,11-Mar-20,,,,,isolated
34,male,local,42,,,11-Mar-20,,,,,isolated
35,female,,57,,,13-Mar-20,,12-Mar-20,,,deceased
36,female,,37,jakarta,jakarta,13-Mar-20,,12-Mar-20,RSPI Sulianti Saroso,,deceased
37,male,,43,,,13-Mar-20,,,,,isolated
38,female,,80,,,13-Mar-20,,,,,isolated
39,male,,54,,,13-Mar-20,,,,,isolated
40,female,,46,,,13-Mar-20,,,,,isolated
41,male,,40,,,13-Mar-20,,,,,isolated
42,male,,66,,,13-Mar-20,,,,,isolated
43,male,,34,,,13-Mar-20,,,,,isolated
44,male,,57,,,13-Mar-20,,,,,isolated
45,female,,29,,,13-Mar-20,,,,,isolated
46,male,,30,,,13-Mar-20,,,,,isolated
47,male,,61,,,13-Mar-20,,,,,isolated
48,male,,35,,,13-Mar-20,,,,,isolated
49,male,,3,,,13-Mar-20,,,,,isolated
50,male,local,59,central java,surakarta,13-Mar-20,,11-Mar-20,RS Dr Moewardi,,deceased
51,male,,60,,,13-Mar-20,,,,,isolated
52,female,,59,,,13-Mar-20,,,,,isolated
53,female,,24,,,13-Mar-20,,,,22,isolated
54,male,,2,,,13-Mar-20,,,,,isolated
55,female,,26,,,13-Mar-20,,,,,isolated
56,male,,58,,,13-Mar-20,,,,,isolated
57,female,,27,,,13-Mar-20,,,,,isolated
58,male,,51,,,13-Mar-20,,,,,isolated
59,male,,63,,,13-Mar-20,,,,,isolated
60,female,,25,,,13-Mar-20,,,,,isolated
61,female,,58,,,13-Mar-20,,,,,isolated
62,male,,51,,,13-Mar-20,,,,,isolated
63,male,,34,,,13-Mar-20,,,,,isolated
64,female,,49,,,13-Mar-20,,,,,isolated
65,male,,48,,,13-Mar-20,,,,,isolated
66,male,,73,,,13-Mar-20,,,,,isolated
67,female,,25,,,13-Mar-20,,,,,isolated
68,female,,38,,,13-Mar-20,,,,,isolated
69,female,,80,,,13-Mar-20,,,,,isolated
70,,,,,,14-Mar-20,,,,,isolated
71,,,,,,14-Mar-20,,,,,isolated
72,,,,,,14-Mar-20,,,,,isolated
73,,,,,,14-Mar-20,,,,,isolated
74,,,,,,14-Mar-20,,,,,isolated
75,,,,,,14-Mar-20,,,,,isolated
76,male,local,63,,,14-Mar-20,,,,,isolated
77,,,,,,14-Mar-20,,,,,isolated
78,,,,,,14-Mar-20,,,,,isolated
79,,,,,,14-Mar-20,,,,,isolated
80,,,,,,14-Mar-20,,,,,isolated
81,,,,,,14-Mar-20,,,,,isolated
82,,,,,,14-Mar-20,,,,,isolated
83,,,,,,14-Mar-20,,,,,isolated
84,,,,,,14-Mar-20,,,,,isolated
85,,,,,,14-Mar-20,,,,,isolated
86,,,,,,14-Mar-20,,,,,isolated
87,,,,,,14-Mar-20,,,,,isolated
88,,,,,,14-Mar-20,,,,,isolated
89,,,,,,14-Mar-20,,,,,isolated
90,,,,,,14-Mar-20,,,,,isolated
91,,,,,,14-Mar-20,,,,,isolated
92,,,,,,14-Mar-20,,,,,isolated
93,,,,,,14-Mar-20,,,,,isolated
94,,,,,,14-Mar-20,,,,,isolated
95,,,,,,14-Mar-20,,,,,isolated
96,,,,,,14-Mar-20,,,,,isolated
97,,,,,,15-Mar-20,,,,,isolated
98,,,,,,15-Mar-20,,,,,isolated
99,,,,,,15-Mar-20,,,,,isolated
100,,,,,,15-Mar-20,,,,,isolated
101,,,,,,15-Mar-20,,,,,isolated
102,,,,,,15-Mar-20,,,,,isolated
103,,,,,,15-Mar-20,,,,,isolated
104,,,,,,15-Mar-20,,,,,isolated
105,,,,,,15-Mar-20,,,,,isolated
106,,,,,,15-Mar-20,,,,,isolated
107,,,,,,15-Mar-20,,,,,isolated
108,,,,,,15-Mar-20,,,,,isolated
109,,,,,,15-Mar-20,,,,,isolated
110,,,,,,15-Mar-20,,,,,isolated
111,,,,,,15-Mar-20,,,,,isolated
112,,,,,,15-Mar-20,,,,,isolated
113,,,,,,15-Mar-20,,,,,isolated
114,,,,,,15-Mar-20,,,,,isolated
115,,,,,,15-Mar-20,,,,,isolated
116,,,,,,15-Mar-20,,,,,isolated
117,,,,,,15-Mar-20,,,,,isolated
118,,,,,,16-Mar-20,,,,,isolated
119,,,,,,16-Mar-20,,,,,isolated
120,,,,,,16-Mar-20,,,,,isolated
121,,,,,,16-Mar-20,,,,,isolated
122,,,,,,16-Mar-20,,,,,isolated
123,,,,,,16-Mar-20,,,,,isolated
124,,,,,,16-Mar-20,,,,,isolated
125,,,,,,16-Mar-20,,,,,isolated
126,,,,,,16-Mar-20,,,,,isolated
127,,,,,,16-Mar-20,,,,,isolated
128,,,,,,16-Mar-20,,,,,isolated
129,,,,,,16-Mar-20,,,,,isolated
130,,,,,,16-Mar-20,,,,,isolated
131,,,,,,16-Mar-20,,,,,isolated
132,,,,,,16-Mar-20,,,,,isolated
133,,,,,,16-Mar-20,,,,,isolated
134,,,,,,16-Mar-20,,,,,isolated
135,,,,,,17-Mar-20,,,,,
136,,,,,,17-Mar-20,,,,,
137,,,,,,17-Mar-20,,,,,
138,,,,,,17-Mar-20,,,,,
139,,,,,,17-Mar-20,,,,,
140,,,,,,17-Mar-20,,,,,
141,,,,,,17-Mar-20,,,,,
142,,,,,,17-Mar-20,,,,,
143,,,,,,17-Mar-20,,,,,
144,,,,,,17-Mar-20,,,,,
145,,,,,,17-Mar-20,,,,,
146,,,,,,17-Mar-20,,,,,
147,,,,,,17-Mar-20,,,,,
148,,,,,,17-Mar-20,,,,,
149,,,,,,17-Mar-20,,,,,
150,,,,,,17-Mar-20,,,,,
151,,,,,,17-Mar-20,,,,,
152,,,,,,17-Mar-20,,,,,
153,,,,,,17-Mar-20,,,,,
154,,,,,,17-Mar-20,,,,,
155,,,,,,17-Mar-20,,,,,
156,,,,,,17-Mar-20,,,,,
157,,,,,,17-Mar-20,,,,,
158,,,,,,17-Mar-20,,,,,
159,,,,,,17-Mar-20,,,,,
160,,,,,,17-Mar-20,,,,,
161,,,,,,17-Mar-20,,,,,
162,,,,,,17-Mar-20,,,,,
163,,,,,,17-Mar-20,,,,,
164,,,,,,17-Mar-20,,,,,
165,,,,,,17-Mar-20,,,,,
166,,,,,,17-Mar-20,,,,,
167,,,,,,17-Mar-20,,,,,
168,,,,,,17-Mar-20,,,,,
169,,,,,,17-Mar-20,,,,,
170,,,,,,17-Mar-20,,,,,
171,,,,,,17-Mar-20,,,,,
172,,,,,,17-Mar-20,,,,,
173,,,,,,18-Mar-20,,,,,
174,,,,,,18-Mar-20,,,,,
175,,,,,,18-Mar-20,,,,,
176,,,,,,18-Mar-20,,,,,
177,,,,,,18-Mar-20,,,,,
178,,,,,,18-Mar-20,,,,,
179,,,,,,18-Mar-20,,,,,
180,,,,,,18-Mar-20,,,,,
181,,,,,,18-Mar-20,,,,,
182,,,,,,18-Mar-20,,,,,
183,,,,,,18-Mar-20,,,,,
184,,,,,,18-Mar-20,,,,,
185,,,,,,18-Mar-20,,,,,
186,,,,,,18-Mar-20,,,,,
187,,,,,,18-Mar-20,,,,,
188,,,,,,18-Mar-20,,,,,
189,,,,,,18-Mar-20,,,,,
190,,,,,,18-Mar-20,,,,,
191,,,,,,18-Mar-20,,,,,
192,,,,,,18-Mar-20,,,,,
193,,,,,,18-Mar-20,,,,,
194,,,,,,18-Mar-20,,,,,
195,,,,,,18-Mar-20,,,,,
196,,,,,,18-Mar-20,,,,,
197,,,,,,18-Mar-20,,,,,
198,,,,,,18-Mar-20,,,,,
199,,,,,,18-Mar-20,,,,,
200,,,,,,18-Mar-20,,,,,
201,,,,,,18-Mar-20,,,,,
202,,,,,,18-Mar-20,,,,,
203,,,,,,18-Mar-20,,,,,
204,,,,,,18-Mar-20,,,,,
205,,,,,,18-Mar-20,,,,,
206,,,,,,18-Mar-20,,,,,
207,,,,,,18-Mar-20,,,,,
208,,,,,,18-Mar-20,,,,,
209,,,,,,18-Mar-20,,,,,
210,,,,,,18-Mar-20,,,,,
211,,,,,,18-Mar-20,,,,,
212,,,,,,18-Mar-20,,,,,
213,,,,,,18-Mar-20,,,,,
214,,,,,,18-Mar-20,,,,,
215,,,,,,18-Mar-20,,,,,
216,,,,,,18-Mar-20,,,,,
217,,,,,,18-Mar-20,,,,,
218,,,,,,18-Mar-20,,,,,
219,,,,,,18-Mar-20,,,,,
220,,,,,,18-Mar-20,,,,,
221,,,,,,18-Mar-20,,,,,
222,,,,,,18-Mar-20,,,,,
223,,,,,,18-Mar-20,,,,,
224,,,,,,18-Mar-20,,,,,
225,,,,,,18-Mar-20,,,,,
226,,,,,,18-Mar-20,,,,,
227,,,,,,18-Mar-20,,,,,
